# Repository menu-input inventory, including worktree aggregate menus and plain gamble INI resources.
# repository<TAB>path<TAB>section<TAB>kind<TAB>component-type-or-submenu-name<TAB>control-name-or-submenu-file
assets	\u6708\u7709\u513f\u5916\u4f201.053/ini/ui/choose/choose.menu.ini	component2	control	ChooseTextButton	selectA
assets	\u6708\u7709\u513f\u5916\u4f201.053/ini/ui/choose/choose.menu.ini	component3	control	ChooseTextButton	selectB
assets	\u6c5f\u6e56\u4f59\u5c181.03/ini/ui/choose/choose.menu.ini	component2	control	ChooseTextButton	selectA
assets	\u6c5f\u6e56\u4f59\u5c181.03/ini/ui/choose/choose.menu.ini	component3	control	ChooseTextButton	selectB
assets	\u6c5f\u6e56\u4f59\u5c18\u4e8c/ini/ui/choose/choose.menu.ini	component2	control	ChooseTextButton	selectA
assets	\u6c5f\u6e56\u4f59\u5c18\u4e8c/ini/ui/choose/choose.menu.ini	component3	control	ChooseTextButton	selectB
assets	\u6f47\u6e58\u884c1.022/ini/ui/choose/choose.menu.ini	component2	control	ChooseTextButton	selectA
assets	\u6f47\u6e58\u884c1.022/ini/ui/choose/choose.menu.ini	component3	control	ChooseTextButton	selectB
assets	common/ini/ui/mobile/joystick/joystick.menu.ini	component1	control	Joystick	joystick
assets	common/ini/ui/mobile/skills/skills.menu.ini	component1	control	RoundButton	attackBtn
assets	common/ini/ui/mobile/skills/skills.menu.ini	component10	control	TextButton	fastBtn3
assets	common/ini/ui/mobile/skills/skills.menu.ini	component11	control	TextButton	fastBtn4
assets	common/ini/ui/mobile/skills/skills.menu.ini	component12	control	DragRoundButton	rightJumpBtn
assets	common/ini/ui/mobile/skills/skills.menu.ini	component2	control	RoundButton	sitBtn
assets	common/ini/ui/mobile/skills/skills.menu.ini	component3	control	DragRoundButton	skillBtn1
assets	common/ini/ui/mobile/skills/skills.menu.ini	component4	control	DragRoundButton	skillBtn2
assets	common/ini/ui/mobile/skills/skills.menu.ini	component5	control	DragRoundButton	skillBtn3
assets	common/ini/ui/mobile/skills/skills.menu.ini	component6	control	DragRoundButton	skillBtn4
assets	common/ini/ui/mobile/skills/skills.menu.ini	component7	control	DragRoundButton	skillBtn5
assets	common/ini/ui/mobile/skills/skills.menu.ini	component8	control	TextButton	fastBtn1
assets	common/ini/ui/mobile/skills/skills.menu.ini	component9	control	TextButton	fastBtn2
assets	common/ini/ui/dicegame/window.ini	<file>	resource	dicegame	window.ini
assets	common/ini/ui/fishgame/window.ini	<file>	resource	fishgame	window.ini
assets	jxqy2/ini/ui/bottom/bottom.menu.ini	component1	control	CheckBox	equipBtn
assets	jxqy2/ini/ui/bottom/bottom.menu.ini	component10	control	Item	goodsItem3
assets	jxqy2/ini/ui/bottom/bottom.menu.ini	component11	control	Item	magicItem1
assets	jxqy2/ini/ui/bottom/bottom.menu.ini	component12	control	Item	magicItem2
assets	jxqy2/ini/ui/bottom/bottom.menu.ini	component13	control	Item	magicItem3
assets	jxqy2/ini/ui/bottom/bottom.menu.ini	component14	control	Item	magicItem4
assets	jxqy2/ini/ui/bottom/bottom.menu.ini	component15	control	Item	magicItem5
assets	jxqy2/ini/ui/bottom/bottom.menu.ini	component2	control	CheckBox	goodsBtn
assets	jxqy2/ini/ui/bottom/bottom.menu.ini	component3	control	CheckBox	magicBtn
assets	jxqy2/ini/ui/bottom/bottom.menu.ini	component4	control	CheckBox	notesBtn
assets	jxqy2/ini/ui/bottom/bottom.menu.ini	component5	control	CheckBox	optionBtn
assets	jxqy2/ini/ui/bottom/bottom.menu.ini	component6	control	CheckBox	stateBtn
assets	jxqy2/ini/ui/bottom/bottom.menu.ini	component7	control	CheckBox	xiulianBtn
assets	jxqy2/ini/ui/bottom/bottom.menu.ini	component8	control	Item	goodsItem1
assets	jxqy2/ini/ui/bottom/bottom.menu.ini	component9	control	Item	goodsItem2
assets	jxqy2/ini/ui/buysell/buysell.menu.ini	component10	control	Item	item6
assets	jxqy2/ini/ui/buysell/buysell.menu.ini	component11	control	Item	item7
assets	jxqy2/ini/ui/buysell/buysell.menu.ini	component12	control	Item	item8
assets	jxqy2/ini/ui/buysell/buysell.menu.ini	component13	control	Item	item9
assets	jxqy2/ini/ui/buysell/buysell.menu.ini	component3	control	Button	closeBtn
assets	jxqy2/ini/ui/buysell/buysell.menu.ini	component4	control	Scrollbar	scrollbar
assets	jxqy2/ini/ui/buysell/buysell.menu.ini	component5	control	Item	item1
assets	jxqy2/ini/ui/buysell/buysell.menu.ini	component6	control	Item	item2
assets	jxqy2/ini/ui/buysell/buysell.menu.ini	component7	control	Item	item3
assets	jxqy2/ini/ui/buysell/buysell.menu.ini	component8	control	Item	item4
assets	jxqy2/ini/ui/buysell/buysell.menu.ini	component9	control	Item	item5
assets	jxqy2/ini/ui/choose/choose.menu.ini	component2	control	ChooseTextButton	selectA
assets	jxqy2/ini/ui/choose/choose.menu.ini	component3	control	ChooseTextButton	selectB
assets	jxqy2/ini/ui/equip/equip.menu.ini	component3	control	Item	item1
assets	jxqy2/ini/ui/equip/equip.menu.ini	component4	control	Item	item2
assets	jxqy2/ini/ui/equip/equip.menu.ini	component5	control	Item	item3
assets	jxqy2/ini/ui/equip/equip.menu.ini	component6	control	Item	item4
assets	jxqy2/ini/ui/equip/equip.menu.ini	component7	control	Item	item5
assets	jxqy2/ini/ui/equip/equip.menu.ini	component8	control	Item	item6
assets	jxqy2/ini/ui/equip/equip.menu.ini	component9	control	Item	item7
assets	jxqy2/ini/ui/goods/goods.menu.ini	component10	control	Item	item5
assets	jxqy2/ini/ui/goods/goods.menu.ini	component11	control	Item	item6
assets	jxqy2/ini/ui/goods/goods.menu.ini	component12	control	Item	item7
assets	jxqy2/ini/ui/goods/goods.menu.ini	component13	control	Item	item8
assets	jxqy2/ini/ui/goods/goods.menu.ini	component14	control	Item	item9
assets	jxqy2/ini/ui/goods/goods.menu.ini	component5	control	Scrollbar	scrollbar
assets	jxqy2/ini/ui/goods/goods.menu.ini	component6	control	Item	item1
assets	jxqy2/ini/ui/goods/goods.menu.ini	component7	control	Item	item2
assets	jxqy2/ini/ui/goods/goods.menu.ini	component8	control	Item	item3
assets	jxqy2/ini/ui/goods/goods.menu.ini	component9	control	Item	item4
assets	jxqy2/ini/ui/magic/magic.menu.ini	component10	control	Item	item7
assets	jxqy2/ini/ui/magic/magic.menu.ini	component11	control	Item	item8
assets	jxqy2/ini/ui/magic/magic.menu.ini	component12	control	Item	item9
assets	jxqy2/ini/ui/magic/magic.menu.ini	component3	control	Scrollbar	scrollbar
assets	jxqy2/ini/ui/magic/magic.menu.ini	component4	control	Item	item1
assets	jxqy2/ini/ui/magic/magic.menu.ini	component5	control	Item	item2
assets	jxqy2/ini/ui/magic/magic.menu.ini	component6	control	Item	item3
assets	jxqy2/ini/ui/magic/magic.menu.ini	component7	control	Item	item4
assets	jxqy2/ini/ui/magic/magic.menu.ini	component8	control	Item	item5
assets	jxqy2/ini/ui/magic/magic.menu.ini	component9	control	Item	item6
assets	jxqy2/ini/ui/mapthumbnail/mapthumbnail.menu.ini	component2	control	ImageContainer	thumbnailContainer
assets	jxqy2/ini/ui/mapthumbnail/mapthumbnail.menu.ini	component3	control	Button	closeButton
assets	jxqy2/ini/ui/memo/memo.menu.ini	component3	control	Scrollbar	scrollbar
assets	jxqy2/ini/ui/memo/memo.menu.ini	component4	control	MemoText	memoText
assets	jxqy2/ini/ui/option/option.menu.ini	component1	control	Button	rtnBtn
assets	jxqy2/ini/ui/option/option.menu.ini	component10	control	CheckBox	dyLoad
assets	jxqy2/ini/ui/option/option.menu.ini	component2	control	Scrollbar	music
assets	jxqy2/ini/ui/option/option.menu.ini	component3	control	Scrollbar	sound
assets	jxqy2/ini/ui/option/option.menu.ini	component4	control	Scrollbar	speed
assets	jxqy2/ini/ui/option/option.menu.ini	component5	control	CheckBox	musicCB
assets	jxqy2/ini/ui/option/option.menu.ini	component6	control	CheckBox	soundCB
assets	jxqy2/ini/ui/option/option.menu.ini	component7	control	CheckBox	speedCB
assets	jxqy2/ini/ui/option/option.menu.ini	component8	control	CheckBox	playerAlpha
assets	jxqy2/ini/ui/option/option.menu.ini	component9	control	CheckBox	shadow
assets	jxqy2/ini/ui/saveload/saveload.menu.ini	component1	control	Button	saveBtn
assets	jxqy2/ini/ui/saveload/saveload.menu.ini	component2	control	Button	loadBtn
assets	jxqy2/ini/ui/saveload/saveload.menu.ini	component3	control	Button	exitBtn
assets	jxqy2/ini/ui/saveload/saveload.menu.ini	component5	control	ListBox	listBox
assets	jxqy2/ini/ui/system/system.menu.ini	component2	control	Button	returnBtn
assets	jxqy2/ini/ui/system/system.menu.ini	component3	control	Button	saveloadBtn
assets	jxqy2/ini/ui/system/system.menu.ini	component4	control	Button	optionBtn
assets	jxqy2/ini/ui/system/system.menu.ini	component5	control	Button	quitBtn
assets	jxqy2/ini/ui/title/title.menu.ini	component1	control	Button	initBtn
assets	jxqy2/ini/ui/title/title.menu.ini	component2	control	Button	exitBtn
assets	jxqy2/ini/ui/title/title.menu.ini	component3	control	Button	loadBtn
assets	jxqy2/ini/ui/title/title.menu.ini	component4	control	Button	teamBtn
assets	jxqy2/ini/ui/xiulian/xiulian.menu.ini	component7	control	Item	magic
assets	jxqy2/ini/ui/yesno/yesno.menu.ini	component1	control	Button	yes
assets	jxqy2/ini/ui/yesno/yesno.menu.ini	component2	control	Button	no
assets	xjxqy/ini/ui/littlegame/arrowdn.ini	<file>	resource	littlegame	arrowdn.ini
assets	xjxqy/ini/ui/littlegame/arrowup.ini	<file>	resource	littlegame	arrowup.ini
assets	xjxqy/ini/ui/littlegame/bossface.ini	<file>	resource	littlegame	bossface.ini
assets	xjxqy/ini/ui/littlegame/chipin.ini	<file>	resource	littlegame	chipin.ini
assets	xjxqy/ini/ui/littlegame/dice.ini	<file>	resource	littlegame	dice.ini
assets	xjxqy/ini/ui/littlegame/dice1.ini	<file>	resource	littlegame	dice1.ini
assets	xjxqy/ini/ui/littlegame/dice2.ini	<file>	resource	littlegame	dice2.ini
assets	xjxqy/ini/ui/littlegame/dice3.ini	<file>	resource	littlegame	dice3.ini
assets	xjxqy/ini/ui/littlegame/gamblebig.ini	<file>	resource	littlegame	gamblebig.ini
assets	xjxqy/ini/ui/littlegame/gamblesmall.ini	<file>	resource	littlegame	gamblesmall.ini
assets	xjxqy/ini/ui/littlegame/gambling.ini	<file>	resource	littlegame	gambling.ini
assets	xjxqy/ini/ui/littlegame/gold.ini	<file>	resource	littlegame	gold.ini
assets	xjxqy/ini/ui/littlegame/labchipin.ini	<file>	resource	littlegame	labchipin.ini
assets	xjxqy/ini/ui/littlegame/labcomputer.ini	<file>	resource	littlegame	labcomputer.ini
assets	xjxqy/ini/ui/littlegame/labmessage.ini	<file>	resource	littlegame	labmessage.ini
assets	xjxqy/ini/ui/littlegame/labplayer.ini	<file>	resource	littlegame	labplayer.ini
assets	xjxqy/ini/ui/littlegame/luface.ini	<file>	resource	littlegame	luface.ini
assets	xjxqy/ini/ui/littlegame/message.ini	<file>	resource	littlegame	message.ini
assets	xjxqy/ini/ui/littlegame/openbg.ini	<file>	resource	littlegame	openbg.ini
assets	xjxqy/ini/ui/littlegame/opening.ini	<file>	resource	littlegame	opening.ini
assets	xjxqy/ini/ui/littlegame/playerface.ini	<file>	resource	littlegame	playerface.ini
assets	xjxqy/ini/ui/littlegame/quit.ini	<file>	resource	littlegame	quit.ini
assets	xjxqy/ini/ui/littlegame/window.ini	<file>	resource	littlegame	window.ini
assets	xjxqy/ini/ui/bottom/bottom.menu.ini	component1	control	Item	goodsItem1
assets	xjxqy/ini/ui/bottom/bottom.menu.ini	component2	control	Item	goodsItem2
assets	xjxqy/ini/ui/bottom/bottom.menu.ini	component3	control	Item	goodsItem3
assets	xjxqy/ini/ui/bottom/bottom.menu.ini	component4	control	Item	magicItem1
assets	xjxqy/ini/ui/bottom/bottom.menu.ini	component5	control	Item	magicItem2
assets	xjxqy/ini/ui/bottom/bottom.menu.ini	component6	control	Item	magicItem3
assets	xjxqy/ini/ui/bottom/bottom.menu.ini	component7	control	Item	magicItem4
assets	xjxqy/ini/ui/bottom/bottom.menu.ini	component8	control	Item	magicItem5
assets	xjxqy/ini/ui/buysell/buysell.menu.ini	component10	control	Item	item6
assets	xjxqy/ini/ui/buysell/buysell.menu.ini	component11	control	Item	item7
assets	xjxqy/ini/ui/buysell/buysell.menu.ini	component12	control	Item	item8
assets	xjxqy/ini/ui/buysell/buysell.menu.ini	component13	control	Item	item9
assets	xjxqy/ini/ui/buysell/buysell.menu.ini	component3	control	Button	closeBtn
assets	xjxqy/ini/ui/buysell/buysell.menu.ini	component4	control	Scrollbar	scrollbar
assets	xjxqy/ini/ui/buysell/buysell.menu.ini	component5	control	Item	item1
assets	xjxqy/ini/ui/buysell/buysell.menu.ini	component6	control	Item	item2
assets	xjxqy/ini/ui/buysell/buysell.menu.ini	component7	control	Item	item3
assets	xjxqy/ini/ui/buysell/buysell.menu.ini	component8	control	Item	item4
assets	xjxqy/ini/ui/buysell/buysell.menu.ini	component9	control	Item	item5
assets	xjxqy/ini/ui/choose/choose.menu.ini	component2	control	ChooseTextButton	selectA
assets	xjxqy/ini/ui/choose/choose.menu.ini	component3	control	ChooseTextButton	selectB
assets	xjxqy/ini/ui/equip/equip.menu.ini	component10	control	Item	item6
assets	xjxqy/ini/ui/equip/equip.menu.ini	component11	control	Item	item7
assets	xjxqy/ini/ui/equip/equip.menu.ini	component21	control	Item	magic01
assets	xjxqy/ini/ui/equip/equip.menu.ini	component22	control	Item	magic02
assets	xjxqy/ini/ui/equip/equip.menu.ini	component23	control	Item	magic03
assets	xjxqy/ini/ui/equip/equip.menu.ini	component24	control	Item	magic04
assets	xjxqy/ini/ui/equip/equip.menu.ini	component25	control	Item	magic05
assets	xjxqy/ini/ui/equip/equip.menu.ini	component26	control	Item	magic06
assets	xjxqy/ini/ui/equip/equip.menu.ini	component27	control	Item	magic07
assets	xjxqy/ini/ui/equip/equip.menu.ini	component28	control	Item	magic08
assets	xjxqy/ini/ui/equip/equip.menu.ini	component29	control	Item	magic09
assets	xjxqy/ini/ui/equip/equip.menu.ini	component30	control	Item	magic10
assets	xjxqy/ini/ui/equip/equip.menu.ini	component31	control	Item	magic11
assets	xjxqy/ini/ui/equip/equip.menu.ini	component32	control	Item	magic12
assets	xjxqy/ini/ui/equip/equip.menu.ini	component33	control	Scrollbar	magicScrollbar
assets	xjxqy/ini/ui/equip/equip.menu.ini	component5	control	Item	item1
assets	xjxqy/ini/ui/equip/equip.menu.ini	component6	control	Item	item2
assets	xjxqy/ini/ui/equip/equip.menu.ini	component7	control	Item	item3
assets	xjxqy/ini/ui/equip/equip.menu.ini	component8	control	Item	item4
assets	xjxqy/ini/ui/equip/equip.menu.ini	component9	control	Item	item5
assets	xjxqy/ini/ui/goods/goods.menu.ini	component10	control	Item	item5
assets	xjxqy/ini/ui/goods/goods.menu.ini	component11	control	Item	item6
assets	xjxqy/ini/ui/goods/goods.menu.ini	component12	control	Item	item7
assets	xjxqy/ini/ui/goods/goods.menu.ini	component13	control	Item	item8
assets	xjxqy/ini/ui/goods/goods.menu.ini	component14	control	Item	item9
assets	xjxqy/ini/ui/goods/goods.menu.ini	component5	control	Scrollbar	scrollbar
assets	xjxqy/ini/ui/goods/goods.menu.ini	component6	control	Item	item1
assets	xjxqy/ini/ui/goods/goods.menu.ini	component7	control	Item	item2
assets	xjxqy/ini/ui/goods/goods.menu.ini	component8	control	Item	item3
assets	xjxqy/ini/ui/goods/goods.menu.ini	component9	control	Item	item4
assets	xjxqy/ini/ui/littlemap/littlemap.menu.ini	component2	control	ImageContainer	thumbnailContainer
assets	xjxqy/ini/ui/littlemap/littlemap.menu.ini	component3	control	Button	closeButton
assets	xjxqy/ini/ui/magic/magic.menu.ini	component10	control	Item	item7
assets	xjxqy/ini/ui/magic/magic.menu.ini	component11	control	Item	item8
assets	xjxqy/ini/ui/magic/magic.menu.ini	component12	control	Item	item9
assets	xjxqy/ini/ui/magic/magic.menu.ini	component3	control	Scrollbar	scrollbar
assets	xjxqy/ini/ui/magic/magic.menu.ini	component4	control	Item	item1
assets	xjxqy/ini/ui/magic/magic.menu.ini	component5	control	Item	item2
assets	xjxqy/ini/ui/magic/magic.menu.ini	component6	control	Item	item3
assets	xjxqy/ini/ui/magic/magic.menu.ini	component7	control	Item	item4
assets	xjxqy/ini/ui/magic/magic.menu.ini	component8	control	Item	item5
assets	xjxqy/ini/ui/magic/magic.menu.ini	component9	control	Item	item6
assets	xjxqy/ini/ui/memo/memo.menu.ini	component3	control	Scrollbar	scrollbar
assets	xjxqy/ini/ui/memo/memo.menu.ini	component4	control	MemoText	memoText
assets	xjxqy/ini/ui/option/option.menu.ini	component1	control	Button	rtnBtn
assets	xjxqy/ini/ui/option/option.menu.ini	component10	control	CheckBox	dyLoad
assets	xjxqy/ini/ui/option/option.menu.ini	component2	control	Scrollbar	music
assets	xjxqy/ini/ui/option/option.menu.ini	component3	control	Scrollbar	sound
assets	xjxqy/ini/ui/option/option.menu.ini	component4	control	Scrollbar	speed
assets	xjxqy/ini/ui/option/option.menu.ini	component5	control	CheckBox	musicCB
assets	xjxqy/ini/ui/option/option.menu.ini	component6	control	CheckBox	soundCB
assets	xjxqy/ini/ui/option/option.menu.ini	component7	control	CheckBox	speedCB
assets	xjxqy/ini/ui/option/option.menu.ini	component8	control	CheckBox	playerAlpha
assets	xjxqy/ini/ui/option/option.menu.ini	component9	control	CheckBox	shadow
assets	xjxqy/ini/ui/saveload/saveload.menu.ini	component1	control	Button	saveBtn
assets	xjxqy/ini/ui/saveload/saveload.menu.ini	component2	control	Button	loadBtn
assets	xjxqy/ini/ui/saveload/saveload.menu.ini	component3	control	Button	exitBtn
assets	xjxqy/ini/ui/saveload/saveload.menu.ini	component5	control	ListBox	listBox
assets	xjxqy/ini/ui/system/system.menu.ini	component2	control	Button	returnBtn
assets	xjxqy/ini/ui/system/system.menu.ini	component3	control	Button	saveloadBtn
assets	xjxqy/ini/ui/system/system.menu.ini	component4	control	Button	optionBtn
assets	xjxqy/ini/ui/system/system.menu.ini	component5	control	Button	quitBtn
assets	xjxqy/ini/ui/title/title.menu.ini	component1	control	Button	initBtn
assets	xjxqy/ini/ui/title/title.menu.ini	component2	control	Button	exitBtn
assets	xjxqy/ini/ui/title/title.menu.ini	component3	control	Button	loadBtn
assets	xjxqy/ini/ui/title/title.menu.ini	component4	control	Button	teamBtn
assets	xjxqy/ini/ui/title/title_newyear.menu.ini	component1	control	Button	initBtn
assets	xjxqy/ini/ui/title/title_newyear.menu.ini	component2	control	Button	exitBtn
assets	xjxqy/ini/ui/title/title_newyear.menu.ini	component3	control	Button	loadBtn
assets	xjxqy/ini/ui/title/title_newyear.menu.ini	component4	control	Button	teamBtn
assets	xjxqy/ini/ui/top/top.menu.ini	component1	control	CheckBox	equipBtn
assets	xjxqy/ini/ui/top/top.menu.ini	component2	control	CheckBox	goodsBtn
assets	xjxqy/ini/ui/top/top.menu.ini	component3	control	CheckBox	notesBtn
assets	xjxqy/ini/ui/top/top.menu.ini	component4	control	CheckBox	optionBtn
assets	xjxqy/ini/ui/xiulian/xiulian.menu.ini	component7	control	Item	magic
assets	xjxqy/ini/ui/yesno/yesno.menu.ini	component1	control	Button	yes
assets	xjxqy/ini/ui/yesno/yesno.menu.ini	component2	control	Button	no
assets	yycs/ini/ui/bottom/bottom.menu.ini	component1	control	Item	goodsItem1
assets	yycs/ini/ui/bottom/bottom.menu.ini	component2	control	Item	goodsItem2
assets	yycs/ini/ui/bottom/bottom.menu.ini	component3	control	Item	goodsItem3
assets	yycs/ini/ui/bottom/bottom.menu.ini	component4	control	Item	magicItem1
assets	yycs/ini/ui/bottom/bottom.menu.ini	component5	control	Item	magicItem2
assets	yycs/ini/ui/bottom/bottom.menu.ini	component6	control	Item	magicItem3
assets	yycs/ini/ui/bottom/bottom.menu.ini	component7	control	Item	magicItem4
assets	yycs/ini/ui/bottom/bottom.menu.ini	component8	control	Item	magicItem5
assets	yycs/ini/ui/buysell/buysell.menu.ini	component10	control	Item	item6
assets	yycs/ini/ui/buysell/buysell.menu.ini	component11	control	Item	item7
assets	yycs/ini/ui/buysell/buysell.menu.ini	component12	control	Item	item8
assets	yycs/ini/ui/buysell/buysell.menu.ini	component13	control	Item	item9
assets	yycs/ini/ui/buysell/buysell.menu.ini	component3	control	Button	closeBtn
assets	yycs/ini/ui/buysell/buysell.menu.ini	component4	control	Scrollbar	scrollbar
assets	yycs/ini/ui/buysell/buysell.menu.ini	component5	control	Item	item1
assets	yycs/ini/ui/buysell/buysell.menu.ini	component6	control	Item	item2
assets	yycs/ini/ui/buysell/buysell.menu.ini	component7	control	Item	item3
assets	yycs/ini/ui/buysell/buysell.menu.ini	component8	control	Item	item4
assets	yycs/ini/ui/buysell/buysell.menu.ini	component9	control	Item	item5
assets	yycs/ini/ui/choose/choose.menu.ini	component2	control	ChooseTextButton	selectA
assets	yycs/ini/ui/choose/choose.menu.ini	component3	control	ChooseTextButton	selectB
assets	yycs/ini/ui/equip/equip.menu.ini	component3	control	Item	item1
assets	yycs/ini/ui/equip/equip.menu.ini	component4	control	Item	item2
assets	yycs/ini/ui/equip/equip.menu.ini	component5	control	Item	item3
assets	yycs/ini/ui/equip/equip.menu.ini	component6	control	Item	item4
assets	yycs/ini/ui/equip/equip.menu.ini	component7	control	Item	item5
assets	yycs/ini/ui/equip/equip.menu.ini	component8	control	Item	item6
assets	yycs/ini/ui/equip/equip.menu.ini	component9	control	Item	item7
assets	yycs/ini/ui/goods/goods.menu.ini	component10	control	Item	item5
assets	yycs/ini/ui/goods/goods.menu.ini	component11	control	Item	item6
assets	yycs/ini/ui/goods/goods.menu.ini	component12	control	Item	item7
assets	yycs/ini/ui/goods/goods.menu.ini	component13	control	Item	item8
assets	yycs/ini/ui/goods/goods.menu.ini	component14	control	Item	item9
assets	yycs/ini/ui/goods/goods.menu.ini	component5	control	Scrollbar	scrollbar
assets	yycs/ini/ui/goods/goods.menu.ini	component6	control	Item	item1
assets	yycs/ini/ui/goods/goods.menu.ini	component7	control	Item	item2
assets	yycs/ini/ui/goods/goods.menu.ini	component8	control	Item	item3
assets	yycs/ini/ui/goods/goods.menu.ini	component9	control	Item	item4
assets	yycs/ini/ui/littlemap/littlemap.menu.ini	component2	control	ImageContainer	thumbnailContainer
assets	yycs/ini/ui/littlemap/littlemap.menu.ini	component3	control	Button	closeButton
assets	yycs/ini/ui/magic/magic.menu.ini	component10	control	Item	item7
assets	yycs/ini/ui/magic/magic.menu.ini	component11	control	Item	item8
assets	yycs/ini/ui/magic/magic.menu.ini	component12	control	Item	item9
assets	yycs/ini/ui/magic/magic.menu.ini	component3	control	Scrollbar	scrollbar
assets	yycs/ini/ui/magic/magic.menu.ini	component4	control	Item	item1
assets	yycs/ini/ui/magic/magic.menu.ini	component5	control	Item	item2
assets	yycs/ini/ui/magic/magic.menu.ini	component6	control	Item	item3
assets	yycs/ini/ui/magic/magic.menu.ini	component7	control	Item	item4
assets	yycs/ini/ui/magic/magic.menu.ini	component8	control	Item	item5
assets	yycs/ini/ui/magic/magic.menu.ini	component9	control	Item	item6
assets	yycs/ini/ui/memo/memo.menu.ini	component3	control	Scrollbar	scrollbar
assets	yycs/ini/ui/memo/memo.menu.ini	component4	control	MemoText	memoText
assets	yycs/ini/ui/option/option.menu.ini	component1	control	Button	rtnBtn
assets	yycs/ini/ui/option/option.menu.ini	component2	control	Scrollbar	music
assets	yycs/ini/ui/option/option.menu.ini	component3	control	Scrollbar	sound
assets	yycs/ini/ui/option/option.menu.ini	component4	control	Scrollbar	speed
assets	yycs/ini/ui/saveload/saveload.menu.ini	component1	control	Button	saveBtn
assets	yycs/ini/ui/saveload/saveload.menu.ini	component2	control	Button	loadBtn
assets	yycs/ini/ui/saveload/saveload.menu.ini	component3	control	Button	exitBtn
assets	yycs/ini/ui/saveload/saveload.menu.ini	component5	control	ListBox	listBox
assets	yycs/ini/ui/system/system.menu.ini	component2	control	Button	returnBtn
assets	yycs/ini/ui/system/system.menu.ini	component3	control	Button	saveloadBtn
assets	yycs/ini/ui/system/system.menu.ini	component4	control	Button	optionBtn
assets	yycs/ini/ui/system/system.menu.ini	component5	control	Button	quitBtn
assets	yycs/ini/ui/title/title.menu.ini	component1	control	Button	initBtn
assets	yycs/ini/ui/title/title.menu.ini	component2	control	Button	exitBtn
assets	yycs/ini/ui/title/title.menu.ini	component3	control	Button	loadBtn
assets	yycs/ini/ui/title/title.menu.ini	component4	control	Button	teamBtn
assets	yycs/ini/ui/top/top.menu.ini	component1	control	CheckBox	stateBtn
assets	yycs/ini/ui/top/top.menu.ini	component2	control	CheckBox	equipBtn
assets	yycs/ini/ui/top/top.menu.ini	component3	control	CheckBox	xiulianBtn
assets	yycs/ini/ui/top/top.menu.ini	component4	control	CheckBox	goodsBtn
assets	yycs/ini/ui/top/top.menu.ini	component5	control	CheckBox	magicBtn
assets	yycs/ini/ui/top/top.menu.ini	component6	control	CheckBox	notesBtn
assets	yycs/ini/ui/top/top.menu.ini	component7	control	CheckBox	optionBtn
assets	yycs/ini/ui/xiulian/xiulian.menu.ini	component7	control	Item	magic
